﻿{"cameraMode":{"drawMode":0,"name":"Shaded","section":"Shading Mode"},"sceneLighting":false,"audioPlay":false,"sceneViewState":{"m_AlwaysRefresh":false,"showFog":true,"showSkybox":false,"showFlares":true,"showImageEffects":true,"showParticleSystems":true,"showVisualEffectGraphs":true,"m_FxEnabled":true},"in2DMode":false,"pivot":{"x":0.5026675462722778,"y":0.11785626411437988,"z":-0.9107315540313721},"rotation":{"x":0.0010246546007692814,"y":0.9977946281433106,"z":-0.06444717198610306,"w":0.015864340588450433},"size":2.161562204360962,"orthographic":false}