﻿{"cameraMode":{"drawMode":0,"name":"Shaded","section":"Shading Mode"},"sceneLighting":true,"audioPlay":false,"sceneViewState":{"showFog":true,"showMaterialUpdate":false,"showSkybox":true,"showFlares":true,"showImageEffects":true,"showParticleSystems":true},"in2DMode":false,"pivot":{"x":16.23834800720215,"y":-5.37653112411499,"z":-15.635627746582032},"rotation":{"x":0.0893779918551445,"y":0.8051193952560425,"z":-0.12564589083194734,"w":0.572719395160675},"size":38.285186767578128,"orthographic":false}