﻿{"cameraMode":{"drawMode":0,"name":"Shaded","section":"Shading Mode"},"sceneLighting":true,"audioPlay":false,"sceneViewState":{"m_AlwaysRefresh":false,"showFog":true,"showSkybox":true,"showFlares":true,"showImageEffects":true,"showParticleSystems":true,"showVisualEffectGraphs":true,"m_FxEnabled":true},"in2DMode":false,"pivot":{"x":0.051764488220214847,"y":3.58011531829834,"z":-1.9945775270462037},"rotation":{"x":-0.26173844933509829,"y":-0.5227354764938355,"z":0.1726202517747879,"w":-0.7928106188774109},"size":15.755284309387207,"orthographic":true}