﻿{"cameraMode":{"drawMode":0,"name":"Shaded","section":"Shading Mode"},"sceneLighting":false,"audioPlay":false,"sceneViewState":{"m_AlwaysRefresh":false,"showFog":true,"showSkybox":false,"showFlares":true,"showImageEffects":true,"showParticleSystems":true,"showVisualEffectGraphs":true,"m_FxEnabled":true},"in2DMode":false,"pivot":{"x":0.0,"y":0.20000001788139344,"z":0.0},"rotation":{"x":-0.19784870743751527,"y":-0.7248142957687378,"z":0.2320835143327713,"w":-0.61781907081604},"size":1.2062338590621949,"orthographic":true}