﻿{"cameraMode":{"drawMode":0,"name":"Shaded","section":"Shading Mode"},"sceneLighting":false,"audioPlay":false,"sceneViewState":{"m_AlwaysRefresh":false,"showFog":true,"showSkybox":false,"showFlares":true,"showImageEffects":true,"showParticleSystems":true,"showVisualEffectGraphs":true,"m_FxEnabled":true},"in2DMode":false,"pivot":{"x":-0.5398797392845154,"y":-0.4093136787414551,"z":-3.3358354568481447},"rotation":{"x":0.008766409941017628,"y":-0.9856672286987305,"z":0.15957221388816834,"w":0.05417638644576073},"size":4.267423152923584,"orthographic":false}