﻿{"cameraMode":{"drawMode":0,"name":"Shaded","section":"Shading Mode"},"sceneLighting":false,"audioPlay":false,"sceneViewState":{"m_AlwaysRefresh":false,"showFog":true,"showSkybox":false,"showFlares":true,"showImageEffects":true,"showParticleSystems":true,"showVisualEffectGraphs":true,"m_FxEnabled":true},"in2DMode":false,"pivot":{"x":0.0,"y":0.7700204849243164,"z":4.76837158203125e-7},"rotation":{"x":0.11861621588468552,"y":-0.09072025865316391,"z":0.010895172134041787,"w":0.988739013671875},"size":1.1095865964889527,"orthographic":true}