﻿{"cameraMode":{"drawMode":0,"name":"Shaded","section":"Shading Mode"},"sceneLighting":false,"audioPlay":false,"sceneViewState":{"m_AlwaysRefresh":false,"showFog":true,"showSkybox":false,"showFlares":true,"showImageEffects":true,"showParticleSystems":true,"showVisualEffectGraphs":true,"m_FxEnabled":true},"in2DMode":false,"pivot":{"x":2.9802322387695315e-8,"y":0.0,"z":-5.960464477539063e-8},"rotation":{"x":-0.5652801394462586,"y":-0.03808625787496567,"z":0.02613009884953499,"w":-0.8236142992973328},"size":1.2247450351715088,"orthographic":false}