﻿{"cameraMode":{"drawMode":0,"name":"Shaded","section":"Shading Mode"},"sceneLighting":false,"audioPlay":false,"sceneViewState":{"m_AlwaysRefresh":false,"showFog":true,"showSkybox":false,"showFlares":true,"showImageEffects":true,"showParticleSystems":true,"showVisualEffectGraphs":true,"m_FxEnabled":true},"in2DMode":false,"pivot":{"x":0.18014201521873475,"y":0.29242944717407229,"z":0.7281335592269898},"rotation":{"x":-0.046836499124765399,"y":-0.8885918855667114,"z":0.0930926725268364,"w":-0.4467763900756836},"size":2.3296759128570558,"orthographic":true}