﻿{"cameraMode":{"drawMode":0,"name":"Shaded","section":"Shading Mode"},"sceneLighting":false,"audioPlay":false,"sceneViewState":{"m_AlwaysRefresh":false,"showFog":true,"showSkybox":false,"showFlares":true,"showImageEffects":true,"showParticleSystems":true,"showVisualEffectGraphs":true,"m_FxEnabled":true},"in2DMode":false,"pivot":{"x":0.0250408798456192,"y":0.006225258111953735,"z":0.05207926034927368},"rotation":{"x":0.14595019817352296,"y":0.8005841970443726,"z":-0.2166748195886612,"w":0.5392912030220032},"size":1.2674236297607422,"orthographic":false}