﻿{"cameraMode":{"drawMode":0,"name":"Shaded","section":"Shading Mode"},"sceneLighting":false,"audioPlay":false,"sceneViewState":{"m_AlwaysRefresh":false,"showFog":true,"showSkybox":false,"showFlares":true,"showImageEffects":true,"showParticleSystems":true,"showVisualEffectGraphs":true,"m_FxEnabled":true},"in2DMode":false,"pivot":{"x":0.32547760009765627,"y":1.1343498229980469,"z":0.706937313079834},"rotation":{"x":0.035760119557380679,"y":0.811764121055603,"z":-0.049987901002168658,"w":0.5807522535324097},"size":1.7864490747451783,"orthographic":true}