﻿{"cameraMode":{"drawMode":0,"name":"Shaded","section":"Shading Mode"},"sceneLighting":false,"audioPlay":false,"sceneViewState":{"m_AlwaysRefresh":false,"showFog":true,"showSkybox":false,"showFlares":true,"showImageEffects":true,"showParticleSystems":true,"showVisualEffectGraphs":true,"m_FxEnabled":true},"in2DMode":false,"pivot":{"x":0.0,"y":0.7700204849243164,"z":4.76837158203125e-7},"rotation":{"x":0.02187626250088215,"y":-0.04197628051042557,"z":0.0009328564628958702,"w":0.9988901615142822},"size":1.7538642883300782,"orthographic":true}