﻿{"cameraMode":{"drawMode":0,"name":"Shaded","section":"Shading Mode"},"sceneLighting":false,"audioPlay":false,"sceneViewState":{"m_AlwaysRefresh":false,"showFog":true,"showSkybox":false,"showFlares":true,"showImageEffects":true,"showParticleSystems":true,"showVisualEffectGraphs":true,"m_FxEnabled":true},"in2DMode":false,"pivot":{"x":7.801896095275879,"y":6.159114360809326,"z":-21.13322639465332},"rotation":{"x":0.17489682137966157,"y":0.5832087397575378,"z":-0.1303536295890808,"w":0.78249192237854},"size":1.4734855890274048,"orthographic":true}