﻿{"cameraMode":{"drawMode":0,"name":"Shaded","section":"Shading Mode"},"sceneLighting":false,"audioPlay":false,"sceneViewState":{"m_AlwaysRefresh":false,"showFog":true,"showSkybox":false,"showFlares":true,"showImageEffects":true,"showParticleSystems":true,"showVisualEffectGraphs":true,"m_FxEnabled":true},"in2DMode":false,"pivot":{"x":1.5644867420196534,"y":1.9792356491088868,"z":-0.11758145689964295},"rotation":{"x":0.14595019817352296,"y":0.8005841970443726,"z":-0.2166748195886612,"w":0.5392912030220032},"size":0.3031088709831238,"orthographic":false}